{
  "accuracy": 0.8992268907563025,
  "precision": 0.8996414307801662,
  "recall": 0.8992268907563025,
  "f1": 0.8991938973173889,
  "confusion_matrix": "E:\\MovieSent \u2013 Dual Approach Sentiment Analysis\\artifacts\\logreg_confusion_matrix.png"
}